{"stat.useItem.321":36,"stat.useItem.17":7,"stat.fallOneCm":617,"stat.useItem.87":2,"achievement.openInventory":52,"stat.useItem.79":45,"stat.jump":978,"achievement.exploreAllBiomes":{"value":0,"progress":["Desert","Taiga","DesertHills","Beach","Plains","Mega Taiga","Savanna","River"]},"stat.damageTaken":20,"stat.useItem.80":119,"stat.useItem.5":626,"stat.deaths":2,"stat.useItem.383":2,"stat.useItem.76":2,"stat.useItem.78":134,"stat.useItem.77":2,"stat.damageDealt":90,"stat.useItem.126":26,"stat.useItem.101":66,"stat.useItem.70":4,"stat.drop":7,"stat.useItem.259":2,"stat.useItem.25":2,"stat.useItem.24":32,"stat.useItem.152":1,"stat.flyOneCm":877098,"stat.leaveGame":8,"stat.useItem.356":9,"stat.useItem.330":6,"stat.useItem.331":21,"stat.useItem.69":2,"stat.useItem.46":62,"stat.swimOneCm":11043,"stat.diveOneCm":17891,"stat.walkOneCm":256926,"stat.useItem.45":521,"stat.useItem.44":471,"stat.useItem.404":8,"stat.playOneMinute":262358,"stat.useItem.23":40,"stat.useItem.20":68,"achievement.mineWood":1}