{"stat.useItem.17":7,"stat.fallOneCm":617,"achievement.openInventory":66,"stat.jump":1179,"achievement.exploreAllBiomes":{"value":0,"progress":["Taiga","Deep Ocean","Ocean","Plains","Savanna","River"]},"stat.damageTaken":20,"stat.useItem.4":10,"stat.useItem.5":665,"stat.useItem.383":7,"stat.damageDealt":200,"stat.useItem.101":67,"stat.drop":8,"stat.leaveGame":10,"stat.useItem.330":6,"stat.useItem.331":21,"stat.walkOneCm":304241,"stat.diveOneCm":27359,"stat.swimOneCm":11575,"stat.useItem.46":212,"stat.useItem.45":536,"stat.useItem.44":471,"stat.useItem.404":8,"achievement.mineWood":3,"stat.useItem.321":36,"stat.useItem.84":1,"stat.useItem.323":6,"stat.useItem.87":2,"stat.useItem.79":45,"stat.mobKills":1,"stat.useItem.80":119,"stat.deaths":2,"stat.useItem.76":21,"stat.useItem.78":134,"stat.useItem.77":2,"stat.useItem.126":26,"stat.killEntity.Zombie":1,"stat.useItem.70":4,"stat.useItem.259":7,"stat.useItem.159":230,"stat.useItem.25":2,"stat.useItem.24":32,"stat.flyOneCm":1148232,"stat.useItem.152":1,"stat.useItem.356":9,"stat.useItem.69":2,"stat.playOneMinute":389426,"stat.useItem.162":3,"stat.useItem.23":40,"stat.useItem.20":68}