{"stat.useItem.17":5,"stat.fallOneCm":617,"stat.useItem.87":1,"achievement.openInventory":26,"stat.jump":362,"achievement.exploreAllBiomes":{"value":0,"progress":["Deep Ocean","Taiga","DesertHills","Ocean","Plains","Beach","Savanna","River"]},"stat.damageTaken":20,"stat.useItem.80":1,"stat.useItem.5":371,"stat.deaths":2,"stat.useItem.77":2,"stat.damageDealt":90,"stat.useItem.126":26,"stat.useItem.101":36,"stat.useItem.70":4,"stat.drop":3,"stat.useItem.259":2,"stat.flyOneCm":377511,"stat.leaveGame":5,"stat.useItem.330":2,"stat.useItem.69":2,"stat.walkOneCm":108364,"stat.diveOneCm":13337,"stat.swimOneCm":8368,"stat.useItem.45":476,"stat.playOneMinute":139750,"stat.useItem.23":2,"stat.useItem.20":50,"achievement.mineWood":1}